{
  "baseline": {
    "accuracy": 0.9947916666666666,
    "precision": 0.9949776785714285,
    "recall": 0.9947916666666666,
    "f1": 0.9947150072150072
  },
  "transformer": {
    "accuracy": 0.04838709677419355,
    "precision": 0.06245873915913798,
    "recall": 0.04838709677419355,
    "f1": 0.04706368899917286
  }
}